[[{"a": 0, "sy": 5, "sx": 4, "xflip": false, "y": -5, "specname": "tower", "x": 12, "z": 0}, {"a": 0, "sy": 0, "sx": 0, "xflip": false, "y": -7, "specname": "towerup", "x": 43, "z": 10}, {"a": 0, "sy": 3, "sx": 5, "xflip": false, "y": -9, "specname": "tower", "x": 38, "z": -10}, {"a": 0, "sy": 0, "sx": 4, "xflip": true, "y": -12, "specname": "tower", "x": 77, "z": 0}, {"a": 0, "sy": 10, "sx": 10, "xflip": false, "y": -8, "specname": "towerup", "x": 91, "z": -13}, {"a": 0, "sy": 2, "sx": 3, "xflip": false, "y": 3, "specname": "tower", "x": 128, "z": 14}, {"a": 0, "sy": 4, "sx": 1, "xflip": false, "y": -22, "specname": "oval", "x": 149, "z": -5}, {"a": 0, "sy": 0, "sx": 5, "xflip": false, "y": -9, "specname": "tower", "x": 91.75, "z": -2}, {"a": 0.375, "y": 19, "sy": 6, "sx": 5, "xflip": false, "specname": "towerup", "x": 67, "z": -8, "type": "hill"}, {"a": 0, "y": 28, "sy": 8, "sx": 9, "xflip": false, "specname": "tower", "x": 10, "z": -12, "type": "hill"}], []]