[[{"a": -0.015625, "y": -2, "sy": 0, "sx": 10, "xflip": false, "specname": "incline", "x": 38, "z": 0, "type": "hill"}, {"a": -0.171875, "y": 1.375, "sy": 0, "sx": 0, "xflip": false, "specname": "island", "x": 62, "z": 12, "type": "hill"}, {"a": -0.125, "y": 20, "sy": 8, "sx": 9, "xflip": false, "specname": "tower", "x": 57, "z": -9, "type": "hill"}, {"a": 0.0, "y": 1, "sy": 6, "sx": 9, "xflip": true, "specname": "towerup", "x": 115, "z": 0, "type": "hill"}, {"a": 0.25, "y": 4, "sy": 0, "sx": 0, "xflip": false, "specname": "oval", "x": 139, "z": 6, "type": "hill"}], []]