[[{"a": -0.375, "sy": 0, "sx": 0, "xflip": false, "y": -2, "specname": "oval", "x": 18, "z": 6, "type": "hill"}, {"a": 0, "sy": 3, "sx": 9, "xflip": false, "specname": "branch", "y": 1.5, "x": 57.75, "z": 14, "type": "hill"}, {"a": -0.25, "sy": 3, "sx": 9, "xflip": false, "specname": "branch", "y": 5, "x": 120.15, "z": 11, "type": "hill"}, {"a": 0.375, "sy": 3, "sx": 7.875, "xflip": true, "specname": "branch", "y": 4.0, "x": 201.375, "z": 16, "type": "hill"}, {"a": 0.125, "sy": 0, "sx": 8, "xflip": false, "specname": "incline", "y": 2, "x": 51, "z": 0, "type": "hill"}, {"a": -0.0625, "sy": 2, "sx": 9, "xflip": true, "specname": "incline", "y": 2, "x": 114.375, "z": 0, "type": "hill"}, {"a": 0.125, "sy": 0, "sx": 9, "xflip": false, "specname": "incline", "y": 2, "x": 181, "z": 0, "type": "hill"}], [{"vx": 0, "r": 1, "vy": 0, "y": 9, "x": 50.625, "X0": 144.04800000000006, "z": 0}, {"vx": 0, "r": 1, "vy": 0, "y": 9, "x": 114.125, "X0": 210.4960000000003, "z": 0}, {"vx": 0, "r": 1, "vy": 0, "y": 10, "x": 180.5, "X0": 80.60800000000016, "z": 0}]]