[[{"a": 0, "sy": 0, "sx": 0, "xflip": false, "y": -6, "specname": "island", "x": 13, "z": 0}, {"a": -0.125, "sy": 0, "sx": 0, "xflip": false, "y": -8, "specname": "island", "x": 38, "z": 0}, {"a": 0, "sy": 0, "sx": 0, "xflip": false, "y": -3, "specname": "island", "x": 52, "z": 0}, {"a": -0.375, "sy": 5, "sx": 7, "xflip": false, "y": -10, "specname": "tower", "x": 83, "z": 0}, {"a": -0.5, "sy": 1, "sx": 2, "xflip": false, "y": -3, "specname": "island", "x": 115.375, "z": 0}, {"a": 0.0, "sy": 3, "sx": 6, "xflip": true, "y": 3, "specname": "tower", "x": 146, "z": 0}, {"a": -0.25, "sy": 0, "sx": 2, "xflip": false, "y": 10, "specname": "island", "x": 173, "z": 0}, {"a": 0.125, "y": -8, "sy": 0, "sx": 0, "xflip": false, "specname": "branch", "x": 107, "z": 9, "type": "hill"}, {"a": -0.375, "y": -8, "sy": 6, "sx": 6, "xflip": true, "specname": "branch", "x": 154, "z": -12, "type": "hill"}, {"a": -0.25, "y": 0, "sy": 6, "sx": 6, "xflip": false, "specname": "branch", "x": 24, "z": -10, "type": "hill"}, {"a": 0.25, "y": 11, "sy": 4, "sx": 3, "xflip": true, "specname": "branch", "x": 38, "z": -10.125, "type": "hill"}], []]