[[{"a": -0.015625, "sy": 0, "sx": 8, "xflip": false, "specname": "incline", "y": -5, "x": 32, "z": 0, "type": "hill"}, {"a": -0.25, "sy": 0, "sx": 3, "xflip": true, "specname": "incline", "y": -3, "x": 125, "z": 0, "type": "hill"}, {"a": 0.125, "sy": 0, "sx": 3, "xflip": false, "specname": "oval", "y": -16, "x": 66, "z": -12, "type": "hill"}, {"a": 0, "sy": 7, "sx": 6, "xflip": false, "specname": "oval", "y": 18, "x": 5, "z": -12, "type": "hill"}, {"a": -0.25, "sy": 7, "sx": 5, "xflip": false, "y": 19, "specname": "oval", "x": 127, "z": -9, "type": "hill"}, {"a": 0, "sy": 0, "sx": 2, "xflip": false, "specname": "island", "y": -12, "x": 177, "z": 12, "type": "hill"}, {"a": -0.25, "sy": 0, "sx": 7, "xflip": false, "specname": "incline", "y": -5, "x": 209, "z": 0, "type": "hill"}], []]