[[{"a": -0.03125, "sy": 0, "sx": -2, "xflip": false, "y": -14, "specname": "widelevel", "x": 46, "z": 0, "type": "hill"}, {"a": -0.125, "sy": 3, "sx": 4, "xflip": false, "specname": "towerup", "y": -9, "x": 41, "z": 0, "type": "hill"}, {"a": -0.03125, "sy": 8, "sx": 0, "xflip": false, "specname": "incline", "y": 7, "x": 62, "z": 0, "type": "hill"}, {"a": 0.125, "sy": 3, "sx": 7, "xflip": true, "specname": "tower", "y": -5, "x": 61, "z": 0, "type": "hill"}], [{"y": -9, "r": 3.0, "x": 58, "vx": -10, "vy": 0, "X0": 93.728, "z": 0.125}, {"y": 2, "r": 3.0, "x": 63, "vx": -10, "vy": 0, "X0": 93.728, "z": 0.125}, {"y": 13, "r": 3.0, "x": 68, "vx": -10, "vy": 0, "X0": 93.728, "z": 0.125}]]