[[{"a": -0.125, "sy": 2, "sx": 5, "xflip": false, "y": -8, "specname": "island", "x": 21, "z": 0, "type": "hill"}, {"a": -0.25, "sy": 3, "sx": 11, "xflip": false, "y": 0, "specname": "branch", "x": 27.5, "z": 12, "type": "hill"}, {"a": -0.5, "sy": 3, "sx": 9, "xflip": false, "specname": "branch", "y": 0, "x": 167, "z": 13, "type": "hill"}, {"a": 0, "sy": 6, "sx": 8, "xflip": false, "y": -1, "specname": "island", "x": 162, "z": 0, "type": "hill"}, {"a": -0.125, "sy": 0, "sx": 6.375, "xflip": false, "y": 0, "specname": "rolling", "x": 86.375, "z": 0, "type": "hill"}, {"a": -0.15625, "sy": 4, "sx": 11, "xflip": true, "specname": "incline", "y": 0, "x": 234, "z": 0, "type": "hill"}, {"a": 0.25, "sy": 7, "sx": 8, "xflip": false, "specname": "island", "y": -9, "x": 305, "z": 0, "type": "hill"}, {"a": 0.375, "sy": 4, "sx": 10, "xflip": true, "y": -1.0, "specname": "branch", "x": 318.125, "z": 10, "type": "hill"}], [{"vx": 0, "r": 1.0, "vy": 0, "y": -1, "x": 20, "X0": 301.6960000000001, "z": 0}, {"vx": 0, "r": 1.5, "vy": 0, "y": 1, "x": 22, "X0": 301.6960000000001, "z": 0}, {"vx": 0, "r": 1.125, "vy": 0, "y": 4, "x": 20, "X0": 301.6960000000001, "z": 0}, {"vx": 0, "r": 0.625, "vy": 0, "y": 6, "x": 21.75, "X0": 301.6960000000001, "z": 0}, {"vx": 0, "r": 1.4375, "vy": 0, "y": 9, "x": 21, "X0": 301.6960000000001, "z": 0}, {"y": 11, "r": 2, "x": 163, "vx": 0, "vy": 0, "X0": 301.6960000000001, "z": 0}, {"y": 4, "r": 1.0, "x": 296, "vx": 0, "vy": 0, "X0": 301.6960000000001, "z": 0}, {"y": 14.375, "r": 1.0, "x": 161.625, "vx": 0, "vy": 0, "X0": 301.6960000000001, "z": 0}, {"y": 17.0, "r": 1.1875, "x": 162.625, "vx": 0, "vy": 0, "X0": 301.6960000000001, "z": 0}, {"y": 7, "r": 2.0, "x": 297, "vx": 0, "vy": 0, "X0": 301.6960000000001, "z": 0}, {"y": 11, "r": 1.0, "x": 296, "vx": 0, "vy": 0, "X0": 301.6960000000001, "z": 0}, {"y": 14.25, "r": 2.0, "x": 298.125, "vx": 0, "vy": 0, "X0": 301.6960000000001, "z": 0}]]
